candidate,status_2026,reward_shape,independent_revenue_link,cash_or_equivalent,strict_guarantee_blocker,source
AZDO Guaranteed Deal,active,"3% Umico bonus on guaranteed-deal activity / executor activity",yes,"non-cash service bonus","Umico/AZDO bonus cannot be withdrawn as cash; usable only on service/partners",https://azdo.az/ru/zamanatli-sovdalasma
AZDO Invite and Earn,active,"10 AZN bonus account reward per qualifying referral per current FAQ",third-party-dependent,"non-cash service bonus","requires independent referred user; bonus cannot be cashed out",https://azdo.az/ru/documents/faq
Fiverr Freelancer Reward Program,enrollment closed,"$2,500 annual cash bonus; $10,000 over four years",yes,cash,"closed enrollment and U.S.-person-only eligibility",https://help.fiverr.com/hc/en-us/articles/31990864544017-Fiverr-s-freelancer-equity-program
Fiverr standard referral,active,"10% of first qualifying purchase up to $100",third-party-dependent,"Fiverr Credits","credits non-cash; referral dependency; program amend/suspend discretion",https://www.fiverr.com/legal-portal/legal-terms/referral-program
Fiverr freelancer referral,active,"2.5% of referred order value",third-party-dependent,"Fiverr Credits","credits non-cash; eligibility discretionary; referral dependency",https://www.fiverr.com/legal-portal/legal-terms/seller-referral-terms
Upwork freelancer referrals,active,"no incentive",no,none,"no platform reward exists",https://support.upwork.com/hc/en-us/articles/4405508078483-Understanding-freelancer-referrals-on-Upwork
YouTube Affiliate Partnerships Boost Bonus,"Jun 15-Jul 15 2026 campaign; payout by Oct 31 2026","$200 per eligible new Short if boosted by selected brand",yes,cash,"invitation-only; U.S./South Korea only; brand must independently boost content",https://support.google.com/youtube/answer/17105253?hl=en
Adobe Stock Contributor Bonus,2026,"12-month Creative Cloud Pro subscription",yes,non-cash,"non-cash software subscription; eligibility based on Adobe criteria",https://helpx.adobe.com/stock/contributor/payments-earnings/royalties-pricing/bonus-program.html
Freelancer.com Affiliate Program,active,"net project fees from referred user's projects for first 100 days",third-party-dependent,"account bonus/payment","depends on independent referral activity; program may be modified/discontinued; compliance attribution risk",https://www.freelancer.com/page.php?p=info%2Faffiliate_program
